<?xml version="1.0" encoding="utf-8"?>
<Lockscreen version="1" frameRate="30">
    <Wallpaper/>
	<!-- 锁屏背景 -->

	
	 <!-- 音乐控制 -->
    <MusicControl x="0" y="0" w="480" h="480" name="music_control" autoShow="true" visibility="false">
        
	<!-- 时间 -->
	<Time x="#screen_width/2" y="240" align="center" alignV="bottom" src="time.png"/>
	<!-- 日期 -->
	<DateTime x="#screen_width/2" y="247" align="center" color="#FFFFFFFF" size="24" format="M月d日 EEEE"/>
	
	<!-- 未读短信 -->
	<Image x="248" y="292" src="icon_sms.png" alpha="#sms_unread_count*255"/>
	<Text x="248+28" y="292" color="#FFFFFFFF" size="20" format=" %d条未读短信" paras="#sms_unread_count" alpha="#sms_unread_count*255"/>
	
	<!-- 未接电话 -->
	<Image x="248" y="324" align="center" alignV="bottom"src="icon_phone.png" alpha="#call_missed_count*255"/>
	<Text x="248+28" y="324" color="#FFFFFFFF" size="20" format=" %d个未接电话" paras="#call_missed_count" alpha="#call_missed_count*255"/>
		
	<!-- 音乐背景 -->
        <Image x="0" y="0" alignV="bottom" src="music_bg_960_640.png"/>
		
	<Text name="music_display" x="#screen_width/2" y="400" align="center" color="#FFFFFFFF" size="19"/>	
        <!-- 唱片 -->
        <Image name="music_album_cover"x="185" y="548" align="center" alignV="center" src="photorecord.png"/>
		
	<!--Image x="158" y="456" align="center" src="unlock_top_p.png"  alpha="255-#unlocker.state*255"/-->
		
        <!-- 上一首 -->
        <Button name="music_prev" x="117" y="667" w="60" h="60">
            <Normal>
                <Image x="117" y="667" align="center" alignV="center" src="music_pre_n.png" alpha="255-#unlocker.state*255"/>
            </Normal>
            <Pressed>
                <Image x="87" y="524" align="center" src="music_l_p.png"/>
                <Image x="117" y="667" align="center" alignV="center" src="music_pre_n.png"/>
            </Pressed>
        </Button>
        <!-- 下一首 -->
        <Button name="music_next" x="474" y="667" w="60" h="60">
            <Normal>
                <Image x="474" y="667" align="center" alignV="center" src="music_next_n.png" alpha="255-#unlocker.state*255"/>
            </Normal>
            <Pressed>
	        <Image x="418" y="524" align="center" src="music_r_p.png"/>
                <Image x="474" y="667" align="center" alignV="center" src="music_next_n.png"/>
            </Pressed>
        </Button>
        <!-- 播放 -->
        <Button name="music_play" x="300" y="841" w="60" h="60">
            <Normal>
                <Image x="300" y="841" align="center" alignV="center" src="music_play_n.png" alpha="255-#unlocker.state*255"/>
            </Normal>
            <Pressed>
                <Image x="160" y="776" align="center" src="music_btm_p.png"/>
                <Image x="300" y="841" align="center" alignV="center" src="music_play_n.png"/>
            </Pressed>
        </Button>
        <!-- 暂停 -->
        <Button name="music_pause" x="300" y="841" w="60" h="60">
            <Normal>
                <Image x="300" y="841" align="center" alignV="center" src="music_pause_n.png" alpha="255-#unlocker.state*255"/>
            </Normal>
            <Pressed>
                <Image x="163" y="778" align="center" src="music_btm_p.png"/>
                <Image x="300" y="841" align="center" alignV="center" src="music_pause_n.png"/>
            </Pressed>
        </Button>
    </MusicControl>

	<!-- 时间 -->
	<Time x="#screen_width/2" y="240" align="center" alignV="bottom" src="time.png"/>
	<!-- 日期 -->
	<DateTime x="#screen_width/2" y="247" align="center" color="#FFFFFFFF" size="24" format="M月d日 EEEE"/>
	<!-- 未读短信 -->
	<Image x="248" y="292" src="icon_sms.png" alpha="#sms_unread_count*255"/>
	<Text x="248+28" y="292" color="#FFFFFFFF" size="20" format=" %d条未读短信" paras="#sms_unread_count" alpha="#sms_unread_count*255"/>	
	<!-- 未接电话 -->
	<Image x="248" y="324" align="center" alignV="bottom"src="icon_phone.png" alpha="#call_missed_count*255"/>
	<Text x="248+28" y="324" color="#FFFFFFFF" size="20" format=" %d个未接电话" paras="#call_missed_count" alpha="#call_missed_count*255"/>
    
	<Unlocker name="unlocker" bounceInitSpeed="10" bounceAcceleration="1500">
        <StartPoint x="264" y="615" w="136" h="136">
			<NormalState>	
                                <Text x="#screen_width/2" y="540" color="#FFFFFFFF" align="center" size="20" category="Charging" format="充满需要：%s" paras="#charging_left" alpha="max(#battery_level-#battery_low_level+1,0)*255" visibility="#music_control.visibility"/>
                                <Text x="#screen_width/2" y="568" color="#FFFFFFFF" align="center" size="20" category="Charging" format="%d%" paras="#battery_level" alpha="max(#battery_level-#battery_low_level+1,0)*255" visibility="#music_control.visibility"/>
                                <Text x="#screen_width/2" y="540" color="#FFFF4208" align="center" size="20" category="Charging" format="充满需要：%s" paras="#charging_left" alpha="max(#battery_low_level-#battery_level,0)*255" visibility="#music_control.visibility"/>
                                <Text x="#screen_width/2" y="568" color="#FFFF4208" align="center" size="20" category="Charging" format="%d%" paras="#battery_level" alpha="max(#battery_low_level-#battery_level,0)*255" visibility="#music_control.visibility"/>
                                <Text x="#screen_width/2" y="540" color="#FFFF4208" align="center" size="20" category="BatteryLow" format="续航时间：%s" paras="#battery_left" visibility="#music_control.visibility"/>
                                <Text x="#screen_width/2" y="568" color="#FFFF4208" align="center"size="20" category="BatteryLow" format="仅剩（%d%）" paras="#battery_level" visibility="#music_control.visibility"/>
                                <Text x="#screen_width/2" y="568" color="#FFFFFFFF" align="center" size="20" alpha="max(0,(1-#unlocker.state))*255" category="BatteryFull"  text="已充满" visibility="#music_control.visibility"/>

				<Image x="255" y="617" align="center" alignV="center" src="lock_button_0.png" visibility="#music_control.visibility"/>
			</NormalState>
			<PressedState>
				<Image x="255" y="617" align="center" alignV="center" src="lock_button_1.png"/>
			</PressedState>
		</StartPoint>

	<!-- 此EndPoint专门用来显示-->
	<EndPoint x="0" y="0" w="0" h="0">
	    <PressedState>
		<Image x="91" y="454" align="center" alignV="center" src="unlock_bg.png">
		    <AlphaAnimation>
			<Alpha a="0" time="0"/>
			<Alpha a="63" time="100"/>
			<Alpha a="94" time="300"/>
			<Alpha a="141" time="500"/>
			<Alpha a="211" time="800"/>
			<Alpha a="255" time="1000"/>
			<Alpha a="255" time="1000000000000000"/>
		    </AlphaAnimation>
		</Image>
	    </PressedState>
         </EndPoint>
		
        <!-- Camera -->
	<EndPoint x="122" y="15" w="276" h="550">
	    <Intent action="android.media.action.STILL_IMAGE_CAMERA" category="android.intent.category.DEFAULT"/>
		<ReachedState>
		    <Image x="158" y="455" align="center" src="unlock_top_p.png"/>
		</ReachedState>
        </EndPoint>
		
	<!-- Sms -->
	<EndPoint x="297" y="377" w="300" h="355">
           <Intent action="android.intent.action.MAIN" type="vnd.android-dir/mms-sms" category="android.intent.category.DEFAULT"/>
	        <ReachedState>
		    <Image x="415" y="522" align="center" src="unlock_r_p.png"/>
		</ReachedState>
        </EndPoint>
		
	<!-- UnLock -->
	<EndPoint x="122" y="660" w="316" h="300">
           <ReachedState>
		<Image x="158" y="779" align="center" src="unlock_btm_p.png"/>
	   </ReachedState>
        </EndPoint>
		
	<!-- Phone -->
	<EndPoint x="-54" y="407" w="276" h="395">
            <Intent action="android.intent.action.DIAL"/>
                <ReachedState>
                    <Image x="92" y="522" align="center" src="unlock_l_p.png"/>
                </ReachedState>
        </EndPoint>
		
	</Unlocker>
	
	<!-- 双击进入音乐控制 -->
	<Button x="254" y="617" w="136" h="136">
		<Triggers>
	      	<Trigger action="double" target="music_control" property="visibility" value="toggle"/>
	    </Triggers>
	</Button>
	
    <!-- 充电进度光  -->
    <Image x="264" y="625" src="charging_progress_light_small_l.png" category="Charging" alpha="255-#unlocker.state*255" visibility="#music_control.visibility">
        <Mask x="-3" y="0" src="charging_progress_light_small_lmask.png" centerX="60" centerY="60" angle="-min(#battery_level,50)/50*180"/>
    </Image>
    <Image x="321" y="625" src="charging_progress_light_small_r.png" category="Charging" alpha="255-#unlocker.state*255" visibility="#music_control.visibility">
        <Mask x="-5" y="0" src="charging_progress_light_small_rmask.png" centerX="0" centerY="60" angle="-max(#battery_level-50,0)/50*180"/>
    </Image>
	
	<!-- 充电状态中 -->
	<Image x="322" y="685" align="center" alignV="center" src="charging_progress_light_small.png" category="Charging" alpha="255-#unlocker.state*255" visibility="#music_control.visibility">
         <ScaleAnimation>
              <Scale w="200" h="200" time="0"/>
              <Scale w="200" h="200" time="500"/>
              <Scale w="160" h="160" time="604"/>
              <Scale w="140" h="140" time="708"/>
              <Scale w="120" h="120" time="915"/>
              <Scale w="85" h="85" time="1500"/>
         </ScaleAnimation>
         <AlphaAnimation>
              <Alpha a="0" time="0"/>
              <Alpha a="0" time="500"/>
              <Alpha a="32" time="708"/>
              <Alpha a="64" time="811"/>
              <Alpha a="128" time="915"/>
              <Alpha a="255" time="916"/>
              <Alpha a="255" time="984"/>
              <Alpha a="0" time="1500"/>
         </AlphaAnimation>
    </Image>
	
	<!-- 电量不足时状态 -->
    <Image x="322" y="683" align="center" alignV="center" src="lowbattery.png" category="BatteryLow" alpha="255-#unlocker.state*255">
         <ScaleAnimation>
              <Scale w="85" h="85" time="0"/>
              <Scale w="165" h="165" time="1500"/>
         </ScaleAnimation>
         <AlphaAnimation>
              <Alpha a="0" time="0"/>
              <Alpha a="128" time="715"/>
              <Alpha a="255" time="716"/>
              <Alpha a="255" time="784"/>
              <Alpha a="128" time="785"/>
              <Alpha a="0" time="1500"/>
         </AlphaAnimation>
    </Image>
	<!-- 电量不足时状态 -->
    <Image x="322" y="683" align="center" alignV="center" src="lowbattery.png" category="BatteryLow" alpha="255-#unlocker.state*255">
         <ScaleAnimation>
              <Scale w="125" h="125" time="0"/>
              <Scale w="125" h="125" time="716"/>
              <Scale w="200" h="200" time="1000"/>
              <Scale w="200" h="200" time="1500"/>
         </ScaleAnimation>
         <AlphaAnimation>
              <Alpha a="0" time="0"/>
              <Alpha a="0" time="715"/>
              <Alpha a="64" time="716"/>
              <Alpha a="0" time="1000"/>
              <Alpha a="0" time="1500"/>
         </AlphaAnimation>
    </Image>
	
</Lockscreen>
